38 Provinsi,Indeks Kedalaman Kemiskinan (P1) Menurut Provinsi dan Daerah (Persen),,,,,,,,,,,,,,,,,,,,,,,,,,,,,,,,,,,,,,,,,,,,,,,,,,,,,,,,,,,,,,,,,,,,,,,,,,,,,,,,,,,,,,,,,,,,,,,,,,,,,,,,,,,,,,,,,,,,,,,,,,,,,,,,,,,,,,,,,,,,,,,,,,,,,,,,,,,,,,,,,
,Perkotaan,,,,,,,,,,,,,,,,,,,,,,,,,,,,,,,,,,,,,,,,,,,,,,,,,,,,,,Perdesaan,,,,,,,,,,,,,,,,,,,,,,,,,,,,,,,,,,,,,,,,,,,,,,,,,,,,,,Perkotaan+Perdesaan,,,,,,,,,,,,,,,,,,,,,,,,,,,,,,,,,,,,,,,,,,,,,,,,,,,,,
,2007,,,2008,,,2009,,,2010,,,2011,,,2012,,,2013,,,2014,,,2015,,,2016,,,2017,,,2018,,,2019,,,2020,,,2021,,,2022,,,2023,,,2024,,,2007,,,2008,,,2009,,,2010,,,2011,,,2012,,,2013,,,2014,,,2015,,,2016,,,2017,,,2018,,,2019,,,2020,,,2021,,,2022,,,2023,,,2024,,,2007,,,2008,,,2009,,,2010,,,2011,,,2012,,,2013,,,2014,,,2015,,,2016,,,2017,,,2018,,,2019,,,2020,,,2021,,,2022,,,2023,,,2024,,
Semester 1 (Maret),Semester 2 (September),Tahunan,Semester 1 (Maret),Semester 2 (September),Tahunan,Semester 1 (Maret),Semester 2 (September),Tahunan,Semester 1 (Maret),Semester 2 (September),Tahunan,Semester 1 (Maret),Semester 2 (September),Tahunan,Semester 1 (Maret),Semester 2 (September),Tahunan,Semester 1 (Maret),Semester 2 (September),Tahunan,Semester 1 (Maret),Semester 2 (September),Tahunan,Semester 1 (Maret),Semester 2 (September),Tahunan,Semester 1 (Maret),Semester 2 (September),Tahunan,Semester 1 (Maret),Semester 2 (September),Tahunan,Semester 1 (Maret),Semester 2 (September),Tahunan,Semester 1 (Maret),Semester 2 (September),Tahunan,Semester 1 (Maret),Semester 2 (September),Tahunan,Semester 1 (Maret),Semester 2 (September),Tahunan,Semester 1 (Maret),Semester 2 (September),Tahunan,Semester 1 (Maret),Semester 2 (September),Tahunan,Semester 1 (Maret),Semester 2 (September),Tahunan,Semester 1 (Maret),Semester 2 (September),Tahunan,Semester 1 (Maret),Semester 2 (September),Tahunan,Semester 1 (Maret),Semester 2 (September),Tahunan,Semester 1 (Maret),Semester 2 (September),Tahunan,Semester 1 (Maret),Semester 2 (September),Tahunan,Semester 1 (Maret),Semester 2 (September),Tahunan,Semester 1 (Maret),Semester 2 (September),Tahunan,Semester 1 (Maret),Semester 2 (September),Tahunan,Semester 1 (Maret),Semester 2 (September),Tahunan,Semester 1 (Maret),Semester 2 (September),Tahunan,Semester 1 (Maret),Semester 2 (September),Tahunan,Semester 1 (Maret),Semester 2 (September),Tahunan,Semester 1 (Maret),Semester 2 (September),Tahunan,Semester 1 (Maret),Semester 2 (September),Tahunan,Semester 1 (Maret),Semester 2 (September),Tahunan,Semester 1 (Maret),Semester 2 (September),Tahunan,Semester 1 (Maret),Semester 2 (September),Tahunan,Semester 1 (Maret),Semester 2 (September),Tahunan,Semester 1 (Maret),Semester 2 (September),Tahunan,Semester 1 (Maret),Semester 2 (September),Tahunan,Semester 1 (Maret),Semester 2 (September),Tahunan,Semester 1 (Maret),Semester 2 (September),Tahunan,Semester 1 (Maret),Semester 2 (September),Tahunan,Semester 1 (Maret),Semester 2 (September),Tahunan,Semester 1 (Maret),Semester 2 (September),Tahunan,Semester 1 (Maret),Semester 2 (September),Tahunan,Semester 1 (Maret),Semester 2 (September),Tahunan,Semester 1 (Maret),Semester 2 (September),Tahunan,Semester 1 (Maret),Semester 2 (September),Tahunan,Semester 1 (Maret),Semester 2 (September),Tahunan,Semester 1 (Maret),Semester 2 (September),Tahunan,Semester 1 (Maret),Semester 2 (September),Tahunan,Semester 1 (Maret),Semester 2 (September),Tahunan,Semester 1 (Maret),Semester 2 (September),Tahunan,Semester 1 (Maret),Semester 2 (September),Tahunan,Semester 1 (Maret),Semester 2 (September),Tahunan,
ACEH,-,-,3.86,-,-,3.55,-,-,3.45,-,-,2.83,-,-,2.78,2.1,1.44,-,2.34,1.96,-,1.82,1.71,-,2.24,1.84,-,2.3,1.45,-,1.55,1.67,-,1.58,1.52,-,1.59,1.5,-,1.55,1.61,-,1.79,1.7,-,1.62,2.13,-,1.93,-,-,1.58,-,-,-,-,6.04,-,-,5.47,-,-,4.87,-,-,4.63,-,-,3.78,4.11,3.71,-,3.44,3.68,-,3.34,3.7,-,3.44,3.61,-,3.96,3.74,-,3.59,3.47,-,3.42,3.41,-,3.15,3.1,-,3.28,3.46,-,3.4,3.59,-,2.93,3.3,-,3.2,-,-,3.18,-,-,-,-,5.41,-,-,4.92,-,-,4.46,-,-,4.11,-,-,3.5,3.55,3.07,-,3.13,3.2,-,2.91,3.14,-,3.1,3.11,-,3.48,3.06,-,2.98,2.92,-,2.85,2.8,-,2.64,2.58,-,2.72,2.85,-,2.86,2.95,-,2.49,2.9,-,2.76,-,-,2.62,-,-
SUMATERA UTARA,-,-,2.34,-,-,2.08,-,-,1.86,-,-,2.01,-,-,1.84,1.65,2.04,-,1.49,1.63,-,1.24,1.56,-,1.6,1.57,-,1.75,1.62,-,1.53,1.42,-,1.49,1.4,-,1.23,1.34,-,1.48,1.54,-,1.5,1.4,-,1.4,1.44,-,1.24,-,-,1.16,-,-,-,-,2.01,-,-,2.25,-,-,1.97,-,-,2.07,-,-,1.85,1.46,1.61,-,1.58,1.8,-,1.69,1.86,-,1.7,2.21,-,1.79,2.3,-,1.9,1.58,-,1.64,1.53,-,1.54,1.65,-,1.55,1.67,-,1.54,1.51,-,1.32,1.37,-,1.29,-,-,1.31,-,-,-,-,2.17,-,-,2.17,-,-,1.92,-,-,2.04,-,-,1.84,1.55,1.82,-,1.54,1.72,-,1.47,1.71,-,1.65,1.89,-,1.77,1.96,-,1.71,1.5,-,1.56,1.46,-,1.37,1.48,-,1.51,1.6,-,1.52,1.45,-,1.36,1.41,-,1.26,-,-,1.23,-,-
SUMATERA BARAT,-,-,1.35,-,-,1.46,-,-,1.24,-,-,1.16,-,-,1.25,0.94,1.13,-,1,1.12,-,0.65,0.54,-,0.79,1.06,-,0.75,1.04,-,0.75,0.6,-,0.66,0.88,-,0.77,0.54,-,0.74,0.8,-,0.87,0.74,-,0.65,0.78,-,0.69,-,-,0.61,-,-,-,-,2.1,-,-,1.68,-,-,1.49,-,-,1.67,-,-,1.42,1.25,1.3,-,1.02,1.36,-,1.12,0.89,-,1.1,1.39,-,1.33,1.18,-,1.18,1.28,-,1.33,1.03,-,1.09,0.99,-,1.07,1.17,-,1.21,1.18,-,0.96,0.94,-,0.96,-,-,0.89,-,-,-,-,1.84,-,-,1.6,-,-,1.41,-,-,1.49,-,-,1.36,1.13,1.24,-,1.01,1.27,-,0.94,0.75,-,0.98,1.26,-,1.1,1.12,-,1,0.99,-,1.04,0.96,-,0.94,0.78,-,0.92,0.99,-,1.04,0.96,-,0.8,0.86,-,0.82,-,-,0.74,-,-
RIAU,-,-,2.02,-,-,1.42,-,-,0.95,-,-,0.88,-,-,0.77,0.93,0.97,-,1.15,0.99,-,0.89,0.73,-,1.09,0.83,-,0.93,1.33,-,1.33,0.97,-,0.99,0.86,-,0.91,0.9,-,0.97,1.02,-,1.01,1.12,-,0.92,0.96,-,0.99,-,-,0.99,-,-,-,-,2.35,-,-,1.84,-,-,1.55,-,-,1.89,-,-,1.49,1.32,1.23,-,1.2,1.3,-,1.09,1.5,-,1.57,1.85,-,1.63,1.37,-,1.32,0.95,-,1.33,1.17,-,1.27,1.25,-,1.25,1.53,-,1.09,1.08,-,1.21,0.98,-,1,-,-,0.97,-,-,-,-,2.18,-,-,1.63,-,-,1.25,-,-,1.38,-,-,1.21,1.17,1.13,-,1.18,1.18,-,1.01,1.2,-,1.38,1.45,-,1.36,1.36,-,1.32,0.96,-,1.2,1.05,-,1.13,1.11,-,1.14,1.32,-,1.06,1.09,-,1.1,0.97,-,1,-,-,0.97,-,-
JAMBI,-,-,3.08,-,-,2.74,-,-,2.31,-,-,1.62,-,-,1.31,1.5,2.37,-,1.42,1.22,-,1.35,1.19,-,2.13,1.61,-,2.1,2.41,-,1.75,1.32,-,1.68,1.96,-,1.74,1.68,-,1.71,1.77,-,2.2,1.81,-,1.67,1.74,-,1.62,-,-,1.49,-,-,-,-,1.31,-,-,0.99,-,-,0.94,-,-,0.78,-,-,0.81,1.09,0.93,-,0.8,1.07,-,0.91,1.1,-,1.12,1.6,-,1.19,0.97,-,1.07,0.84,-,1.12,0.92,-,0.98,0.92,-,0.8,0.89,-,0.85,0.74,-,0.93,0.92,-,0.99,-,-,0.85,-,-,-,-,1.88,-,-,1.56,-,-,1.38,-,-,1.05,-,-,0.96,1.22,1.37,-,0.99,1.12,-,1.05,1.12,-,1.42,1.6,-,1.47,1.42,-,1.28,0.99,-,1.3,1.26,-,1.23,1.17,-,1.1,1.18,-,1.29,1.09,-,1.17,1.19,-,1.19,-,-,1.06,-,-
SUMATERA SELATAN,-,-,4.92,-,-,3.82,-,-,3.68,-,-,2.72,-,-,2.97,2.58,2.04,-,1.95,2.13,-,2.11,2.34,-,2.35,1.27,-,1.79,1.89,-,2.04,2.02,-,2.08,2.2,-,2.04,2.26,-,2.02,2.38,-,2.19,2.17,-,2,1.85,-,1.78,-,-,1.69,-,-,-,-,3.16,-,-,2.73,-,-,2.67,-,-,2.57,-,-,2.29,1.75,1.75,-,2.15,2.69,-,2.33,2.44,-,2.53,2.21,-,2.14,2,-,2.36,2.63,-,2.48,1.98,-,2.16,2.07,-,2.12,2.19,-,2.3,2.42,-,1.94,1.75,-,1.69,-,-,2.01,-,-,-,-,3.84,-,-,3.15,-,-,3.06,-,-,2.63,-,-,2.54,2.05,1.85,-,2.08,2.49,-,2.25,2.41,-,2.46,1.88,-,2.02,1.96,-,2.24,2.4,-,2.33,2.06,-,2.12,2.14,-,2.08,2.26,-,2.26,2.33,-,1.96,1.79,-,1.72,-,-,1.89,-,-
BENGKULU,-,-,4.45,-,-,4.3,-,-,3.58,-,-,3.16,-,-,2.83,3.14,2.72,-,2.29,3.11,-,2.9,2.69,-,3.93,4.19,-,2.83,2.89,-,2.97,3.24,-,2.51,2.18,-,2.44,2.13,-,2.44,2.49,-,2.78,2.56,-,2.61,2.06,-,2.22,-,-,2.44,-,-,-,-,3.81,-,-,3.43,-,-,2.65,-,-,2.53,-,-,2.49,4.63,3.2,-,3.32,3.29,-,2.72,2.92,-,3.28,3.38,-,3.29,2.74,-,2.8,2.53,-,2.64,2.43,-,2.5,1.95,-,2.38,2.52,-,2.47,2.39,-,2.34,2.23,-,2.1,-,-,1.94,-,-,-,-,4.03,-,-,3.74,-,-,2.98,-,-,2.75,-,-,2.6,4.17,3.05,-,3,3.24,-,2.78,2.85,-,3.48,3.63,-,3.14,2.79,-,2.85,2.76,-,2.59,2.35,-,2.48,2.01,-,2.4,2.51,-,2.57,2.45,-,2.43,2.17,-,2.14,-,-,2.11,-,-
LAMPUNG,-,-,3.23,-,-,3.79,-,-,3.88,-,-,2.53,-,-,2.07,1.55,1.54,-,1.99,1.67,-,1.85,1.9,-,1.67,1.54,-,1.86,1.29,-,1.55,1.41,-,1.48,1.39,-,1.47,1.38,-,1.22,1.3,-,1.27,1.25,-,1.23,1.33,-,1.2,-,-,1.11,-,-,-,-,4.2,-,-,3.84,-,-,3.96,-,-,3.14,-,-,3.02,2.51,2.87,-,2.37,2.43,-,2.36,2.43,-,2.6,2.65,-,2.91,2.16,-,2.4,2.39,-,2.28,2.36,-,2.14,2.26,-,2.2,2.48,-,2.17,2.13,-,2.1,1.88,-,1.85,-,-,1.75,-,-,-,-,3.94,-,-,3.83,-,-,3.94,-,-,2.98,-,-,2.77,2.26,2.53,-,2.27,2.23,-,2.23,2.3,-,2.36,2.36,-,2.63,1.92,-,2.16,2.11,-,2.04,2.06,-,1.93,1.99,-,1.9,2.11,-,1.88,1.85,-,1.82,1.7,-,1.64,-,-,1.53,-,-
KEP. BANGKA BELITUNG,-,-,1.25,-,-,1.15,-,-,0.95,-,-,0.54,-,-,0.33,0.3,0.39,-,0.37,0.35,-,0.65,0.48,-,0.38,0.57,-,0.38,0.29,-,0.26,0.49,-,0.36,0.38,-,0.33,0.41,-,0.44,0.64,-,0.4,0.44,-,0.39,0.3,-,0.49,-,-,0.47,-,-,-,-,2.08,-,-,1.4,-,-,1.43,-,-,1.28,-,-,0.98,0.71,0.92,-,0.71,0.89,-,0.81,0.72,-,0.95,1.22,-,0.98,1.25,-,0.75,0.66,-,1.06,1.14,-,0.74,0.76,-,0.79,0.94,-,0.88,0.71,-,0.87,0.6,-,0.82,-,-,0.93,-,-,-,-,1.68,-,-,1.28,-,-,1.2,-,-,0.93,-,-,0.66,0.51,0.66,-,0.54,0.62,-,0.73,0.6,-,0.67,0.9,-,0.67,0.75,-,0.49,0.57,-,0.69,0.73,-,0.51,0.57,-,0.6,0.77,-,0.61,0.56,-,0.6,0.43,-,0.63,-,-,0.66,-,-
KEP. RIAU,-,-,2.33,-,-,1.88,-,-,2.75,-,-,1.25,-,-,0.99,1.09,0.81,-,0.75,1.04,-,1,0.67,-,0.91,0.8,-,0.77,0.62,-,0.86,1.24,-,0.82,0.5,-,0.59,0.83,-,1.02,1.16,-,1.02,0.88,-,1,0.78,-,0.7,-,-,0.66,-,-,-,-,1.42,-,-,2.29,-,-,1.2,-,-,0.83,-,-,1.12,0.67,0.99,-,0.44,0.93,-,0.61,1.09,-,1.26,1.2,-,1.53,1.23,-,1.61,0.88,-,2.06,1.29,-,1.58,1.51,-,1.84,1.89,-,1.75,1.82,-,1.41,1.72,-,1.74,-,-,1.12,-,-,-,-,1.9,-,-,2.07,-,-,2.02,-,-,1.05,-,-,1.01,1.01,0.85,-,0.69,1.02,-,0.94,0.74,-,0.97,0.86,-,0.89,0.71,-,0.97,1.18,-,1,0.59,-,0.69,0.9,-,1.11,1.21,-,1.07,0.95,-,1.05,0.89,-,0.82,-,-,0.7,-,-
DKI JAKARTA,-,-,0.59,-,-,0.72,-,-,0.57,-,-,0.45,-,-,0.6,0.5,0.56,-,0.63,0.39,-,0.39,0.6,-,0.52,0.27,-,0.46,0.43,-,0.49,0.61,-,0.51,0.5,-,0.5,0.4,-,0.59,0.67,-,0.64,0.75,-,0.77,0.68,-,0.69,-,-,0.65,-,-,-,-,-,-,-,-,-,-,-,-,-,-,-,-,-,-,-,-,-,-,-,-,0,-,0,-,-,-,-,-,-,-,-,-,-,-,-,-,-,-,-,-,-,-,-,-,-,-,-,-,-,-,-,-,-,-,0.59,-,-,0.72,-,-,0.57,-,-,0.45,-,-,0.6,0.5,0.56,-,0.63,0.39,-,0.39,0.6,-,0.52,0.27,-,0.46,0.43,-,0.49,0.61,-,0.51,0.5,-,0.5,0.4,-,0.59,0.67,-,0.64,0.75,-,0.77,0.68,-,0.69,-,-,0.65,-,-
JAWA BARAT,-,-,1.93,-,-,1.78,-,-,1.71,-,-,1.64,-,-,1.51,1.43,1.4,-,1.18,1.53,-,1.4,1.31,-,1.51,1.4,-,1.17,1.08,-,1.2,1.19,-,1.13,1.06,-,1.03,0.98,-,1.02,1.18,-,1.36,1.23,-,1.21,1.14,-,1.1,-,-,1.15,-,-,-,-,2.74,-,-,2.72,-,-,2.29,-,-,2.35,-,-,2.14,2.04,2.05,-,1.6,1.89,-,1.78,1.55,-,1.87,2.23,-,2.2,1.77,-,2.07,1.95,-,1.84,1.36,-,1.31,1.29,-,1.49,1.63,-,1.88,1.52,-,1.72,1.62,-,1.4,-,-,1.45,-,-,-,-,2.26,-,-,2.17,-,-,1.95,-,-,1.93,-,-,1.72,1.64,1.62,-,1.32,1.65,-,1.52,1.39,-,1.63,1.67,-,1.49,1.28,-,1.45,1.39,-,1.32,1.13,-,1.09,1.06,-,1.13,1.28,-,1.47,1.29,-,1.32,1.24,-,1.16,-,-,1.21,-,-
JAWA TENGAH,-,-,3.33,-,-,2.97,-,-,2.56,-,-,2.09,-,-,2.46,2.11,2.06,-,2.01,2.06,-,1.85,1.69,-,2.02,2.03,-,1.78,1.94,-,1.83,1.79,-,1.57,1.43,-,1.32,1.28,-,1.53,1.61,-,1.68,1.75,-,1.56,1.64,-,1.67,-,-,1.51,-,-,-,-,4.32,-,-,3.78,-,-,3.34,-,-,2.86,-,-,2.64,2.4,2.67,-,2.38,2.64,-,2.59,2.42,-,2.8,2.28,-,2.9,2.3,-,2.59,2.44,-,2.14,1.83,-,1.75,1.59,-,1.92,2.07,-,2.15,2.15,-,2,1.88,-,1.83,-,-,1.79,-,-,-,-,3.84,-,-,3.39,-,-,2.96,-,-,2.49,-,-,2.56,2.27,2.39,-,2.21,2.37,-,2.25,2.09,-,2.44,2.17,-,2.37,2.12,-,2.21,2.12,-,1.85,1.63,-,1.53,1.43,-,1.72,1.84,-,1.91,1.94,-,1.77,1.75,-,1.75,-,-,1.64,-,-
DI YOGYAKARTA,-,-,3.08,-,-,2.72,-,-,2.84,-,-,2.27,-,-,1.93,3.56,2.29,-,2.08,2.18,-,2.22,2.03,-,2.55,2.19,-,1.78,1.27,-,2.15,1.79,-,1.91,1.58,-,1.73,1.49,-,1.86,1.98,-,2.35,2.05,-,1.93,1.38,-,1.62,-,-,1.73,-,-,-,-,5.08,-,-,4.49,-,-,4.74,-,-,3.89,-,-,3.67,3.29,4.07,-,3.02,2.03,-,2.11,2.98,-,3.7,2.57,-,3.41,2.83,-,2.29,2.86,-,2.48,1.85,-,1.78,1.7,-,2.16,2.37,-,2.61,2.11,-,2.25,1.95,-,2.01,-,-,2.28,-,-,-,-,3.8,-,-,3.35,-,-,3.52,-,-,2.85,-,-,2.51,3.47,2.89,-,2.4,2.13,-,2.19,2.35,-,2.93,2.32,-,2.3,1.75,-,2.19,2.09,-,2.07,1.65,-,1.74,1.54,-,1.94,2.08,-,2.42,2.06,-,2.01,1.53,-,1.72,-,-,1.87,-,-
JAWA TIMUR,-,-,2.76,-,-,2.34,-,-,2.18,-,-,1.53,-,-,1.51,1.25,1.29,-,1.31,1.42,-,1.16,1.24,-,1.28,1.28,-,1.1,1.33,-,1.18,1.37,-,1.17,1.2,-,1.15,1.01,-,1.23,1.37,-,1.31,1.1,-,1.14,1.21,-,1.19,-,-,0.98,-,-,-,-,5.01,-,-,4.38,-,-,3.54,-,-,3.18,-,-,2.96,2.31,2.52,-,2.32,2.66,-,2.49,2.42,-,2.79,2.9,-,2.83,2.57,-,2.6,2.86,-,2.8,3.04,-,2.55,2.3,-,2.5,2.69,-,2.48,2.16,-,2.21,2.13,-,2.19,-,-,2.13,-,-,-,-,3.91,-,-,3.38,-,-,2.88,-,-,2.38,-,-,2.27,1.81,1.93,-,1.84,2.07,-,1.85,1.86,-,2.06,2.13,-,1.99,1.95,-,1.87,2.09,-,1.95,2.07,-,1.8,1.61,-,1.82,1.97,-,1.84,1.58,-,1.62,1.62,-,1.63,-,-,1.48,-,-
BANTEN,-,-,1.09,-,-,1.04,-,-,0.93,-,-,0.79,-,-,0.67,0.57,0.77,-,0.66,1.14,-,0.76,0.65,-,0.87,0.82,-,0.61,0.69,-,0.7,0.71,-,0.69,0.68,-,0.63,0.62,-,0.84,0.98,-,0.98,1.14,-,0.96,0.71,-,1.25,-,-,0.95,-,-,-,-,1.86,-,-,1.25,-,-,1.91,-,-,1.3,-,-,1.36,1.07,1.3,-,0.76,0.77,-,0.98,1.08,-,1.08,1.07,-,1.21,0.93,-,1.22,0.94,-,1.14,1.45,-,1.1,1.26,-,1.38,1.54,-,1.37,1.36,-,1.22,1.03,-,1.06,-,-,1.04,-,-,-,-,1.4,-,-,1.12,-,-,1.32,-,-,1,-,-,0.9,0.74,0.95,-,0.7,1.02,-,0.83,0.79,-,0.94,0.9,-,0.8,0.76,-,0.86,0.78,-,0.82,0.91,-,0.76,0.8,-,0.99,1.14,-,1.09,1.2,-,1.03,0.79,-,1.2,-,-,0.97,-,-
BALI,-,-,0.98,-,-,0.74,-,-,0.77,-,-,0.52,-,-,0.76,0.55,0.42,-,0.6,0.8,-,0.45,0.68,-,0.63,1.09,-,0.45,0.4,-,0.58,0.49,-,0.5,0.44,-,0.49,0.52,-,0.47,0.55,-,0.65,0.71,-,0.62,0.45,-,0.48,-,-,0.43,-,-,-,-,0.87,-,-,0.98,-,-,0.7,-,-,0.96,-,-,0.52,0.62,0.35,-,0.28,0.55,-,0.38,1.15,-,0.71,1.2,-,0.62,0.76,-,0.87,0.67,-,1.04,0.67,-,0.64,0.47,-,0.65,0.75,-,0.75,0.88,-,0.64,0.86,-,0.74,-,-,0.69,-,-,-,-,0.94,-,-,0.84,-,-,0.74,-,-,0.71,-,-,0.66,0.58,0.39,-,0.47,0.7,-,0.42,0.86,-,0.66,1.13,-,0.51,0.53,-,0.68,0.55,-,0.69,0.52,-,0.53,0.5,-,0.52,0.61,-,0.68,0.76,-,0.62,0.56,-,0.55,-,-,0.5,-,-
NUSA TENGGARA BARAT,-,-,6.85,-,-,5.99,-,-,7.57,-,-,5.65,-,-,4.58,6.08,4.4,-,2.96,3.6,-,2.73,3.9,-,4.05,2.68,-,3.14,3.03,-,3.59,3,-,3.24,2.35,-,2.5,2.17,-,2.54,2.85,-,2.35,2.43,-,2.58,2.79,-,2.28,-,-,2.42,-,-,-,-,3.89,-,-,3.41,-,-,3.41,-,-,2.41,-,-,2.8,2.38,2.34,-,2.59,2.09,-,2.44,2.22,-,2.66,2.76,-,2.9,2.31,-,2.76,2.32,-,2.45,2.41,-,2.17,2.07,-,2.61,2.64,-,2.13,2.57,-,2.4,2.33,-,2.48,-,-,2.46,-,-,-,-,5.13,-,-,4.49,-,-,5.15,-,-,3.77,-,-,3.54,3.92,3.2,-,2.74,2.72,-,2.56,2.92,-,3.25,2.72,-,3,2.63,-,3.13,2.63,-,2.82,2.38,-,2.33,2.12,-,2.58,2.74,-,2.24,2.5,-,2.49,2.57,-,2.38,-,-,2.44,-,-
NUSA TENGGARA TIMUR,-,-,3.89,-,-,3.14,-,-,2.63,-,-,3.12,-,-,2.27,1.98,2.59,-,1.41,1.91,-,1.82,1.66,-,1.66,1.78,-,1.75,1.7,-,1.82,1.82,-,1.61,1.03,-,1.16,1.32,-,1.19,1.28,-,1.39,1.4,-,1.51,1.01,-,1.21,-,-,1.19,-,-,-,-,5.08,-,-,5.25,-,-,4.47,-,-,5.09,-,-,4.67,3.58,3.68,-,3.88,3.31,-,3.71,3.64,-,4.66,5.33,-,5.44,4.4,-,5.03,4.83,-,4.59,5.62,-,5.09,5,-,4.9,5.09,-,4.81,5.93,-,4.35,4.69,-,4.07,-,-,4.21,-,-,-,-,4.87,-,-,4.87,-,-,4.14,-,-,4.74,-,-,4.2,3.27,3.47,-,3.39,3.04,-,3.34,3.25,-,4.06,4.62,-,4.69,3.83,-,4.34,4.16,-,3.91,4.55,-,4.15,4.13,-,4.02,4.16,-,3.96,4.79,-,3.63,3.74,-,3.33,-,-,3.41,-,-
KALIMANTAN BARAT,-,-,2,-,-,1.84,-,-,1.2,-,-,0.82,-,-,0.91,0.63,1.11,-,0.6,0.8,-,0.83,0.85,-,0.86,0.77,-,0.66,0.67,-,0.91,0.7,-,0.84,0.68,-,0.76,0.78,-,0.75,0.81,-,0.59,0.62,-,0.54,0.69,-,0.59,-,-,0.46,-,-,-,-,1.7,-,-,1.59,-,-,1.68,-,-,1.31,-,-,1.38,1.23,1.3,-,1.45,1.52,-,1.05,1.44,-,1.48,1.23,-,1.59,1.35,-,1.38,1.18,-,1.36,1.48,-,1.35,1.16,-,1.14,1.31,-,1.28,1.24,-,1.33,1.34,-,1.29,-,-,1.1,-,-,-,-,1.79,-,-,1.66,-,-,1.55,-,-,1.18,-,-,1.24,1.05,1.24,-,1.19,1.3,-,0.98,1.26,-,1.29,1.09,-,1.3,1.13,-,1.23,1.02,-,1.18,1.21,-,1.14,1.02,-,1.01,1.13,-,1.03,1.02,-,1.04,1.1,-,1.03,-,-,0.86,-,-
KALIMANTAN TENGAH,-,-,0.98,-,-,0.9,-,-,0.62,-,-,0.86,-,-,0.82,0.57,0.92,-,0.63,0.38,-,0.8,0.44,-,0.73,1.05,-,0.54,0.68,-,0.78,0.79,-,0.88,0.63,-,0.71,0.81,-,0.82,0.91,-,0.69,0.6,-,0.83,0.58,-,0.59,-,-,0.81,-,-,-,-,2.04,-,-,1.76,-,-,1.24,-,-,1.1,-,-,1.07,1.29,1.16,-,0.98,1.34,-,0.72,1.24,-,0.97,1,-,1.03,0.63,-,0.87,0.87,-,0.76,0.94,-,0.69,0.73,-,0.79,0.86,-,0.73,0.86,-,0.98,0.72,-,0.72,-,-,0.76,-,-,-,-,1.68,-,-,1.47,-,-,1.03,-,-,1.02,-,-,0.99,1.05,1.08,-,0.86,1.02,-,0.75,0.97,-,0.89,1.02,-,0.86,0.65,-,0.84,0.84,-,0.81,0.82,-,0.7,0.76,-,0.8,0.88,-,0.71,0.75,-,0.91,0.66,-,0.66,-,-,0.78,-,-
KALIMANTAN SELATAN,-,-,0.7,-,-,0.75,-,-,0.72,-,-,0.57,-,-,0.54,0.45,0.47,-,0.36,0.47,-,0.68,0.41,-,0.55,1.13,-,0.58,0.72,-,0.56,0.46,-,0.61,0.61,-,0.6,0.64,-,0.66,0.76,-,0.58,0.47,-,0.52,0.39,-,0.42,-,-,0.5,-,-,-,-,0.89,-,-,1.23,-,-,0.74,-,-,0.77,-,-,1,0.8,0.97,-,0.65,0.7,-,0.59,0.83,-,0.89,0.87,-,0.81,0.67,-,0.85,0.97,-,0.76,0.88,-,0.79,0.68,-,0.74,0.78,-,0.76,0.62,-,0.75,0.86,-,0.8,-,-,0.65,-,-,-,-,0.81,-,-,1.03,-,-,0.73,-,-,0.69,-,-,0.81,0.65,0.76,-,0.53,0.61,-,0.63,0.65,-,0.74,0.98,-,0.71,0.69,-,0.72,0.74,-,0.69,0.75,-,0.7,0.66,-,0.7,0.77,-,0.67,0.55,-,0.63,0.63,-,0.61,-,-,0.57,-,-
KALIMANTAN TIMUR,-,-,1.17,-,-,1.01,-,-,0.63,-,-,0.57,-,-,0.66,0.47,0.73,-,0.42,0.8,-,0.7,0.55,-,0.62,0.29,-,0.55,0.59,-,0.47,0.56,-,0.66,0.54,-,0.61,0.61,-,0.66,0.68,-,1.02,0.88,-,0.67,0.63,-,0.6,-,-,0.62,-,-,-,-,2.86,-,-,2.6,-,-,2.96,-,-,2.44,-,-,1.35,2,1.43,-,1.5,1.98,-,1.68,1.19,-,1.38,1.37,-,1.94,1.23,-,1.71,1.5,-,1.23,1.24,-,1.53,1.78,-,1.74,1.8,-,1.67,1.38,-,1.69,1.12,-,1.15,-,-,1.21,-,-,-,-,1.81,-,-,1.61,-,-,1.51,-,-,1.27,-,-,0.92,1.05,0.99,-,0.83,1.25,-,1.08,0.79,-,0.9,0.69,-,1.04,0.81,-,0.89,0.87,-,0.85,0.76,-,0.91,0.99,-,1.02,1.03,-,1.22,1.04,-,0.99,0.78,-,0.77,-,-,0.8,-,-
KALIMANTAN UTARA,-,-,-,-,-,-,-,-,-,-,-,-,-,-,-,0.68,1.14,-,-,-,-,-,-,-,0.51,0.41,-,0.59,0.74,-,0.99,1.05,-,0.96,0.87,-,0.85,0.77,-,0.59,0.6,-,0.7,0.79,-,0.74,0.48,-,0.56,-,-,0.65,-,-,-,-,-,-,-,-,-,-,-,-,-,-,-,-,-,1.3,1.21,-,-,-,-,-,-,-,1.14,1.08,-,1.04,1.06,-,1.51,1.71,-,1.28,0.97,-,1.63,1.66,-,1.22,1.27,-,1.15,1.07,-,1.16,0.82,-,0.78,-,-,1.12,-,-,-,-,-,-,-,-,-,-,-,-,-,-,-,-,-,1.02,1.18,-,-,-,-,-,-,-,0.79,0.7,-,0.78,0.88,-,1.21,1.32,-,1.1,0.91,-,1.16,1.12,-,0.84,0.86,-,0.87,0.89,-,0.89,0.6,-,0.64,-,-,0.82,-,-
SULAWESI UTARA,-,-,1.3,-,-,1.08,-,-,1.27,-,-,1.12,-,-,0.89,1.79,1.94,-,0.94,0.96,-,0.73,0.98,-,0.82,0.63,-,0.78,0.79,-,0.79,0.84,-,0.77,0.63,-,0.77,0.46,-,0.78,0.9,-,0.8,0.73,-,0.83,0.75,-,0.69,-,-,0.69,-,-,-,-,2.33,-,-,1.87,-,-,1.77,-,-,1.16,-,-,1.28,2.81,3.1,-,1.38,1.32,-,1.59,1.53,-,1.78,2.3,-,2.19,1.89,-,1.89,1.73,-,1.77,2.05,-,1.62,1.36,-,1.54,1.6,-,1.76,1.42,-,1.52,1.55,-,1.57,-,-,1.61,-,-,-,-,1.88,-,-,1.53,-,-,1.55,-,-,1.14,-,-,1.1,2.56,2.82,-,1.18,1.16,-,1.21,1.28,-,1.34,1.54,-,1.53,1.38,-,1.37,1.3,-,1.27,1.31,-,1.18,0.89,-,1.14,1.23,-,1.24,1.04,-,1.15,1.11,-,1.09,-,-,1.1,-,-
SULAWESI TENGAH,-,-,2.14,-,-,2.22,-,-,1.4,-,-,1.81,-,-,1.93,0.51,0.48,-,1.71,1.32,-,1.21,2.18,-,1.78,1.41,-,1.89,1.93,-,2.05,1.85,-,2.02,1.3,-,1.43,1.98,-,1.68,1.83,-,1.55,1.48,-,1.49,1.83,-,1.53,-,-,1.44,-,-,-,-,5.08,-,-,4.89,-,-,4.8,-,-,3.43,-,-,3.03,2.21,2.37,-,3.54,2.59,-,2.49,2.09,-,2.76,2.69,-,3.01,2.4,-,2.73,3.14,-,2.88,2.68,-,2.71,3.71,-,2.96,3.2,-,2.82,2.59,-,2.84,2.29,-,2.4,-,-,2.43,-,-,-,-,4.46,-,-,4.33,-,-,4.09,-,-,3.09,-,-,2.76,1.59,1.68,-,3.09,2.28,-,2.18,2.11,-,2.52,2.37,-,2.72,2.28,-,2.55,2.8,-,2.64,2.28,-,2.33,3.19,-,2.58,2.78,-,2.43,2.24,-,2.41,2.15,-,2.12,-,-,2.1,-,-
SULAWESI SELATAN,-,-,0.91,-,-,1.2,-,-,0.67,-,-,0.55,-,-,0.67,0.95,0.19,-,0.61,0.88,-,0.8,0.75,-,0.66,0.41,-,0.65,0.92,-,0.81,0.83,-,0.83,0.56,-,0.63,0.81,-,0.69,0.81,-,0.79,0.63,-,0.76,0.76,-,0.71,-,-,0.76,-,-,-,-,3.4,-,-,3.03,-,-,2.74,-,-,2.55,-,-,2.21,2.79,2.58,-,2.28,2.1,-,2.01,1.8,-,2.3,2.28,-,2.56,1.93,-,2.32,2.65,-,2.07,2.52,-,2.07,2.26,-,2.17,2.32,-,2.06,2.03,-,1.87,2.13,-,2.31,-,-,1.96,-,-,-,-,2.6,-,-,2.44,-,-,2.08,-,-,1.91,-,-,1.65,2.29,1.92,-,1.67,1.65,-,1.56,1.41,-,1.69,1.58,-,1.83,1.53,-,1.72,1.92,-,1.55,1.68,-,1.45,1.63,-,1.53,1.65,-,1.49,1.4,-,1.36,1.5,-,1.57,-,-,1.39,-,-
SULAWESI TENGGARA,-,-,0.78,-,-,0.82,-,-,0.65,-,-,1.1,-,-,0.7,0.28,0.64,-,0.51,0.6,-,0.86,0.96,-,1.29,1.71,-,1.33,1.14,-,0.95,1.18,-,0.73,1.27,-,1.35,1.45,-,1.35,1.66,-,1.33,1.31,-,1.03,0.91,-,1.08,-,-,1.25,-,-,-,-,5.39,-,-,4.61,-,-,4.27,-,-,3.8,-,-,3.33,4.29,4.53,-,2.74,2.31,-,2.43,2.53,-,3.18,2.19,-,3.37,2.35,-,2.3,2.61,-,2.86,2.61,-,2.79,2.74,-,2.48,2.55,-,2.62,3.02,-,2.27,2.7,-,2.51,-,-,2.6,-,-,-,-,4.33,-,-,3.74,-,-,3.44,-,-,3.18,-,-,2.61,2.92,3.21,-,2.12,1.83,-,1.99,2.09,-,2.64,2.05,-,2.76,1.98,-,1.87,2.09,-,2.04,2.09,-,2.23,2.23,-,2.04,2.23,-,2.16,2.4,-,1.82,2.05,-,1.96,-,-,2.08,-,-
GORONTALO,-,-,1.82,-,-,1.33,-,-,0.9,-,-,0.88,-,-,0.9,0.83,1.83,-,0.32,0.65,-,0.93,1.09,-,1.02,1.32,-,0.9,0.72,-,0.87,0.58,-,0.78,0.3,-,0.43,0.58,-,0.39,0.43,-,0.58,0.55,-,0.32,0.67,-,0.67,-,-,0.51,-,-,-,-,7.27,-,-,6.08,-,-,6.26,-,-,5.63,-,-,5.17,2.1,1.72,-,4.65,4.55,-,4.52,4.19,-,5.53,4.01,-,5.93,3.95,-,5.29,4.9,-,4.5,4.95,-,4.26,4.1,-,4.34,4.72,-,4.66,4.79,-,5.18,4.63,-,4.73,-,-,4.87,-,-,-,-,5.57,-,-,4.59,-,-,4.59,-,-,4.14,-,-,3.72,1.81,1.74,-,3.18,3.22,-,3.29,3.13,-,3.97,3.08,-,4.12,2.79,-,3.68,3.31,-,3.06,3.02,-,2.64,2.61,-,2.67,2.86,-,2.87,2.92,-,3.04,2.85,-,2.92,-,-,2.88,-,-
SULAWESI BARAT,-,-,1.73,-,-,2.38,-,-,2.91,-,-,0.84,-,-,1.3,1.74,1.61,-,0.82,0.48,-,0.98,2.21,-,1.49,0.9,-,0.9,1.69,-,0.89,0.98,-,1.22,0.98,-,1.32,1.65,-,1.93,2,-,1.52,1.25,-,1.59,1.34,-,1.66,-,-,1.57,-,-,-,-,3.02,-,-,2.75,-,-,2.25,-,-,1.9,-,-,2.63,6.24,6.03,-,2.21,1.54,-,1.58,1.86,-,2.04,1.7,-,2.22,1.9,-,2.14,2.06,-,1.92,1.74,-,1.88,1.37,-,1.87,1.94,-,1.82,2.07,-,2.37,2.28,-,1.84,-,-,1.92,-,-,-,-,2.59,-,-,2.63,-,-,2.47,-,-,1.55,-,-,2.32,4.56,4.38,-,1.89,1.3,-,1.44,1.94,-,1.93,1.54,-,1.95,1.85,-,1.88,1.81,-,1.76,1.56,-,1.75,1.44,-,1.89,1.95,-,1.76,1.9,-,2.21,2.09,-,1.8,-,-,1.85,-,-
MALUKU,-,-,2.38,-,-,1.7,-,-,1.75,-,-,1.36,-,-,1.98,0.28,0.08,-,1.49,1.13,-,1.53,1.14,-,1.36,1.98,-,1.47,1.25,-,1.22,1.57,-,0.94,0.57,-,0.72,0.65,-,0.82,0.94,-,0.94,0.92,-,0.79,0.86,-,0.83,-,-,0.93,-,-,-,-,7.79,-,-,7.37,-,-,6.94,-,-,6.59,-,-,6.77,1.82,1.14,-,5.3,5,-,5.23,5.99,-,4.89,6.57,-,5.06,5.44,-,5.07,4.71,-,5.29,5.37,-,5.33,6.14,-,5.55,5.95,-,5.65,5.52,-,4.46,4.86,-,4.77,-,-,4.78,-,-,-,-,6.38,-,-,5.89,-,-,5.59,-,-,5.23,-,-,4.99,1.4,0.85,-,3.88,3.52,-,3.8,4.11,-,3.52,4.79,-,3.63,3.76,-,3.5,3.41,-,3.47,3.31,-,3.32,3.74,-,3.47,3.76,-,3.58,3.49,-,2.9,3.08,-,3.08,-,-,3.1,-,-
MALUKU UTARA,-,-,1.25,-,-,0.4,-,-,0.07,-,-,0.06,-,-,0.15,1.23,0.65,-,0.31,0.27,-,0.44,0.4,-,0.29,0.61,-,0.37,0.25,-,0.67,0.57,-,0.69,0.62,-,0.53,0.25,-,0.38,0.65,-,0.97,0.96,-,0.55,0.58,-,1.05,-,-,0.94,-,-,-,-,2.64,-,-,2.18,-,-,2.02,-,-,2.07,-,-,1.5,9.78,7.88,-,0.95,1.13,-,1.35,1.44,-,0.86,1.35,-,0.86,1.18,-,0.86,0.91,-,0.97,1.5,-,1.03,1.41,-,1.16,1.26,-,0.97,0.93,-,1.06,1.49,-,1.1,-,-,0.87,-,-,-,-,2.23,-,-,1.65,-,-,1.44,-,-,1.47,-,-,1.13,7.23,5.71,-,0.78,0.89,-,1.1,1.16,-,0.7,1.15,-,0.73,0.92,-,0.81,0.81,-,0.89,1.25,-,0.89,1.08,-,0.94,1.09,-,0.97,0.94,-,0.91,1.23,-,1.08,-,-,0.89,-,-
PAPUA BARAT,-,-,0.73,-,-,0.73,-,-,0.43,-,-,1.14,-,-,0.8,0.65,1.28,-,0.6,0.63,-,1.3,1,-,0.72,0.82,-,0.86,1.3,-,0.99,0.83,-,0.71,0.89,-,0.96,0.82,-,0.99,1.15,-,1.2,0.91,-,1.17,1.11,-,1.78,-,-,0.93,-,-,-,-,16.58,-,-,11.67,-,-,12.51,-,-,13.22,-,-,11.13,10.47,9.49,-,8.81,8.2,-,8.28,8,-,9.6,8.02,-,11.19,9.51,-,10.43,11.81,-,10.11,10.32,-,8.97,9.16,-,9.29,9.74,-,8.73,9.58,-,7.38,8.46,-,7.18,-,-,5.87,-,-,-,-,12.97,-,-,9.18,-,-,9.75,-,-,10.47,-,-,8.78,7.91,7.35,-,6.35,5.89,-,6.2,5.92,-,6.24,5.29,-,7.21,6.28,-,6.74,7.41,-,6.29,6.5,-,5.6,5.64,-,5.79,6.07,-,5.49,5.84,-,4.82,5.25,-,4.94,-,-,4.35,-,-
PAPUA BARAT DAYA,-,-,-,-,-,-,-,-,-,-,-,-,-,-,-,-,-,-,-,-,-,-,-,-,-,-,-,-,-,-,-,-,-,-,-,-,-,-,-,-,-,-,-,-,-,-,-,-,-,-,-,1.29,-,-,-,-,-,-,-,-,-,-,-,-,-,-,-,-,-,-,-,-,-,-,-,-,-,-,-,-,-,-,-,-,-,-,-,-,-,-,-,-,-,-,-,-,-,-,-,-,-,-,-,-,-,7.48,-,-,-,-,-,-,-,-,-,-,-,-,-,-,-,-,-,-,-,-,-,-,-,-,-,-,-,-,-,-,-,-,-,-,-,-,-,-,-,-,-,-,-,-,-,-,-,-,-,-,-,-,-,4.38,-,-
PAPUA,-,-,1.25,-,-,1.73,-,-,0.8,-,-,0.78,-,-,0.7,1.4,1.38,-,1.11,0.48,-,0.73,0.48,-,0.79,0.18,-,0.88,0.79,-,0.65,0.57,-,0.84,0.76,-,0.71,0.59,-,0.62,0.82,-,0.85,0.86,-,0.53,0.9,-,0.87,-,-,1.09,-,-,-,-,13.67,-,-,13.6,-,-,11.51,-,-,11.89,-,-,10.37,2.36,2.42,-,8.92,8.69,-,8.96,8.48,-,11.72,1.09,-,12.39,9.82,-,10.03,8.4,-,8.98,7.94,-,9.76,8.26,-,8.37,9.34,-,7.52,8.53,-,8.47,9.92,-,8.48,-,-,8.39,-,-,-,-,10.84,-,-,10.89,-,-,9.07,-,-,9.36,-,-,7.86,1.88,1.9,-,6.89,6.56,-,6.84,6.42,-,8.82,0.85,-,9.37,7.44,-,7.5,6.25,-,6.73,5.91,-,7.17,6.07,-,6.16,6.9,-,5.6,6.31,-,6.16,7.28,-,6.25,-,-,4.01,-,-
PAPUA SELATAN,-,-,-,-,-,-,-,-,-,-,-,-,-,-,-,-,-,-,-,-,-,-,-,-,-,-,-,-,-,-,-,-,-,-,-,-,-,-,-,-,-,-,-,-,-,-,-,-,-,-,-,0.44,-,-,-,-,-,-,-,-,-,-,-,-,-,-,-,-,-,-,-,-,-,-,-,-,-,-,-,-,-,-,-,-,-,-,-,-,-,-,-,-,-,-,-,-,-,-,-,-,-,-,-,-,-,5.59,-,-,-,-,-,-,-,-,-,-,-,-,-,-,-,-,-,-,-,-,-,-,-,-,-,-,-,-,-,-,-,-,-,-,-,-,-,-,-,-,-,-,-,-,-,-,-,-,-,-,-,-,-,3.71,-,-
PAPUA TENGAH,-,-,-,-,-,-,-,-,-,-,-,-,-,-,-,-,-,-,-,-,-,-,-,-,-,-,-,-,-,-,-,-,-,-,-,-,-,-,-,-,-,-,-,-,-,-,-,-,-,-,-,0.83,-,-,-,-,-,-,-,-,-,-,-,-,-,-,-,-,-,-,-,-,-,-,-,-,-,-,-,-,-,-,-,-,-,-,-,-,-,-,-,-,-,-,-,-,-,-,-,-,-,-,-,-,-,7.61,-,-,-,-,-,-,-,-,-,-,-,-,-,-,-,-,-,-,-,-,-,-,-,-,-,-,-,-,-,-,-,-,-,-,-,-,-,-,-,-,-,-,-,-,-,-,-,-,-,-,-,-,-,5.96,-,-
PAPUA PEGUNUNGAN,-,-,-,-,-,-,-,-,-,-,-,-,-,-,-,-,-,-,-,-,-,-,-,-,-,-,-,-,-,-,-,-,-,-,-,-,-,-,-,-,-,-,-,-,-,-,-,-,-,-,-,2.72,-,-,-,-,-,-,-,-,-,-,-,-,-,-,-,-,-,-,-,-,-,-,-,-,-,-,-,-,-,-,-,-,-,-,-,-,-,-,-,-,-,-,-,-,-,-,-,-,-,-,-,-,-,6.47,-,-,-,-,-,-,-,-,-,-,-,-,-,-,-,-,-,-,-,-,-,-,-,-,-,-,-,-,-,-,-,-,-,-,-,-,-,-,-,-,-,-,-,-,-,-,-,-,-,-,-,-,-,6.21,-,-
INDONESIA,1.4,1.29,2.15,1.4,1.29,2.07,1.4,1.29,1.91,1.4,1.29,1.57,1.4,1.29,1.52,1.4,1.38,-,1.25,1.41,-,1.25,1.25,-,1.4,1.29,-,1.19,1.21,-,1.24,1.24,-,1.17,1.08,-,1.05,1.02,-,1.13,1.26,-,1.29,1.23,-,1.19,1.16,-,1.16,-,-,1.1,-,-,2.55,2.4,3.78,2.55,2.4,3.42,2.55,2.4,3.05,2.55,2.4,2.8,2.55,2.4,2.63,2.36,2.42,-,2.24,2.37,-,2.26,2.25,-,2.55,2.4,-,2.74,2.32,-,2.49,2.43,-,2.37,2.32,-,2.18,2.11,-,2.21,2.39,-,2.27,2.25,-,2.13,2.11,-,2.03,-,-,1.98,-,-,1.97,1.84,2.99,1.97,1.84,2.77,1.97,1.84,2.5,1.97,1.84,2.21,1.97,1.84,2.08,1.88,1.9,-,1.75,1.89,-,1.75,1.75,-,1.97,1.84,-,1.94,1.74,-,1.83,1.79,-,1.71,1.63,-,1.55,1.5,-,1.61,1.75,-,1.71,1.67,-,1.59,1.56,-,1.53,-,-,1.46,-,-
,,,,,,,,,,,,,,,,,,,,,,,,,,,,,,,,,,,,,,,,,,,,,,,,,,,,,,,,,,,,,,,,,,,,,,,,,,,,,,,,,,,,,,,,,,,,,,,,,,,,,,,,,,,,,,,,,,,,,,,,,,,,,,,,,,,,,,,,,,,,,,,,,,,,,,,,,,,,,,,,,,
Catatan,"<br /><ul><li>Referensi waktu untuk data tahun 1999–2005 adalah Februari, sedangkan tahun 2006–2010 adalah Maret",</li><li>Angka Provinsi Papua Barat dan Papua sebelum tahun 2024 merupakan angka provinsi sebelum mengalami pemekaran Daerah Otonom Baru (DOB)</li></ul>,,,,,,,,,,,,,,,,,,,,,,,,,,,,,,,,,,,,,,,,,,,,,,,,,,,,,,,,,,,,,,,,,,,,,,,,,,,,,,,,,,,,,,,,,,,,,,,,,,,,,,,,,,,,,,,,,,,,,,,,,,,,,,,,,,,,,,,,,,,,,,,,,,,,,,,,,,,,,,,,